{"init_params": {"cat_dims": [], "cat_emb_dim": [], "cat_idxs": [], "clip_value": 1, "device_name": "auto", "epsilon": 1e-15, "gamma": 1.3, "grouped_features": [], "input_dim": 12, "lambda_sparse": 0.001, "mask_type": "entmax", "momentum": 0.02, "n_a": 8, "n_d": 8, "n_indep_decoder": 1, "n_independent": 2, "n_shared": 2, "n_shared_decoder": 1, "n_steps": 3, "optimizer_params": {"lr": 0.001}, "output_dim": 24, "scheduler_params": {"step_size": 10, "gamma": 0.9}, "seed": 0, "verbose": 1}, "class_attrs": {"preds_mapper": {"0": 0, "1": 1, "2": 2, "3": 3, "4": 4, "5": 5, "6": 6, "7": 7, "8": 8, "9": 9, "10": 10, "11": 11, "12": 12, "13": 13, "14": 14, "15": 15, "16": 16, "17": 17, "18": 18, "19": 19, "20": 20, "21": 21, "22": 22, "23": 23}}}